country,1969,1970,1971,1972,1973,1974,1975,1976,1977,1978,1979,1980,1981,1982,1983,1984,1985,1986,1987,1988,1989,1990,1991,1992,1993,1994,1995,1996,1997,1998,1999,2000,2001,2002,2003,2004,2005,2006,2007,2008,2009,2010,2011,2012,2013,2014,2015,2016,2017,2018,2019
Afghanistan,26.3,26.3,26.3,26.3,26.3,26.3,26.3,26.3,26.3,26.3,26.3,26.3,26.3,26.3,26.3,26.3,26.3,26.3,25.6,25.6,25.6,25.6,25.6,25.6,25.6,25.6,25.6,25.6,25.6,26.3,26.3,26.3,26.3,26.3,26.3,26.3,26.3,28.8,28.8,28.8,28.8,28.8,28.8,28.8,28.8,28.8,38.1,38.1,38.1,38.1,38.1
Angola,30.6,30.6,30.6,30.6,30.6,30.6,30.6,30.6,30.6,30.6,30.6,30.6,33.1,33.1,33.1,33.1,33.1,33.1,56.3,56.3,56.3,56.3,56.3,56.3,56.3,56.3,56.3,56.3,56.3,56.3,62.5,62.5,62.5,62.5,62.5,62.5,62.5,62.5,62.5,62.5,62.5,65,70.6,70.6,70.6,70.6,73.1,73.1,73.1,73.1,73.1
Albania,59.4,59.4,59.4,59.4,59.4,59.4,59.4,59.4,59.4,59.4,59.4,59.4,59.4,59.4,59.4,59.4,59.4,59.4,59.4,59.4,59.4,59.4,59.4,65,65,65,80,80,80,80,80,80,80,80,80,80,80,82.5,82.5,82.5,85.6,85.6,85.6,85.6,85.6,85.6,91.3,91.3,91.3,91.3,91.3
United Arab Emirates,17.5,17.5,17.5,17.5,17.5,17.5,17.5,17.5,17.5,17.5,17.5,17.5,17.5,17.5,17.5,17.5,17.5,17.5,17.5,17.5,17.5,17.5,17.5,17.5,17.5,17.5,17.5,17.5,17.5,26.9,26.9,26.9,26.9,26.9,26.9,26.9,26.9,26.9,26.9,26.9,26.9,26.9,26.9,26.9,26.9,26.9,26.9,26.9,30,59.4,82.5
Argentina,30.6,30.6,30.6,30.6,30.6,32.5,38.8,38.8,38.8,38.8,38.8,38.8,38.8,38.8,38.8,38.8,38.8,38.8,59.4,59.4,59.4,59.4,62.5,62.5,62.5,65,65,65,65,65,65,65,65,65,70,70,70,70,70,73.1,73.1,73.1,73.1,73.1,73.1,73.1,73.1,73.1,76.3,76.3,76.3
Armenia,53.1,50,52.5,55.6,55.6,55.6,55.6,55.6,55.6,55.6,55.6,55.6,55.6,55.6,55.6,55.6,55.6,55.6,55.6,55.6,55.6,55.6,55.6,55.6,55.6,55.6,58.8,58.8,58.8,58.8,58.8,58.8,58.8,61.9,61.9,76.9,76.9,76.9,76.9,76.9,76.9,80,80,80,80,80,80,80,82.5,82.5,82.5
Antigua and Barbuda,54.4,54.4,54.4,60.6,60.6,60.6,63.8,63.8,63.8,63.8,63.8,63.8,63.8,63.8,63.8,63.8,63.8,63.8,63.8,63.8,63.8,63.8,63.8,63.8,63.8,63.8,63.8,63.8,63.8,66.3,66.3,66.3,66.3,66.3,66.3,66.3,66.3,66.3,66.3,66.3,66.3,66.3,66.3,66.3,66.3,66.3,66.3,66.3,66.3,66.3,66.3
Australia,54.4,54.4,54.4,54.4,54.4,54.4,56.9,56.9,56.9,56.9,56.9,59.4,62.5,65.6,75,75,75,75,75,75,75,75,75,75,75,75,75,81.3,81.3,81.3,81.3,81.3,81.3,81.3,81.3,81.3,81.3,81.3,81.3,83.8,83.8,91.3,91.3,93.8,96.9,96.9,96.9,96.9,96.9,96.9,96.9
Austria,41.3,41.3,41.3,41.3,43.8,43.8,51.9,51.9,51.9,70.6,70.6,70.6,70.6,70.6,70.6,70.6,70.6,70.6,70.6,70.6,70.6,73.1,73.1,76.3,76.3,76.3,76.3,78.8,78.8,78.8,78.8,78.8,78.8,81.9,81.9,85,85,85,85,91.3,91.3,91.3,91.3,91.3,94.4,94.4,94.4,94.4,94.4,94.4,96.9
Azerbaijan,53.1,50,61.3,61.3,61.3,61.3,61.3,61.3,61.3,61.3,61.3,61.3,61.3,61.3,61.3,61.3,61.3,61.3,61.3,61.3,61.3,61.3,61.3,64.4,64.4,64.4,64.4,64.4,64.4,64.4,66.9,66.9,66.9,66.9,66.9,66.9,66.9,76.3,76.3,76.3,76.3,78.8,78.8,78.8,78.8,78.8,78.8,78.8,78.8,78.8,78.8
Burundi,45,45,47.5,47.5,47.5,47.5,47.5,47.5,47.5,47.5,47.5,47.5,47.5,47.5,47.5,47.5,47.5,47.5,47.5,47.5,47.5,47.5,47.5,58.8,64.4,64.4,64.4,64.4,64.4,64.4,64.4,64.4,64.4,64.4,64.4,64.4,64.4,64.4,64.4,73.1,73.1,73.1,73.1,73.1,73.1,73.1,73.1,73.1,73.1,73.1,73.1
Belgium,38.1,38.1,40.6,40.6,40.6,40.6,40.6,61.3,61.3,61.3,61.3,61.3,61.3,61.3,61.3,61.3,61.3,61.3,61.3,61.3,61.3,61.3,61.3,61.3,61.3,63.8,63.8,70,72.5,75.6,75.6,75.6,75.6,84.4,84.4,84.4,84.4,87.5,87.5,93.8,93.8,100,100,100,100,100,100,100,100,100,100
Benin,28.1,28.1,28.1,37.5,40,40,40,40,40,40,40,40,40,40,40,40,40,40,40,40,40,40,40,40,40,40,40,40,49.4,49.4,49.4,49.4,49.4,46.9,46.9,65.6,65.6,71.9,71.9,71.9,71.9,71.9,74.4,74.4,74.4,74.4,74.4,74.4,74.4,74.4,77.5
Burkina Faso,48.1,48.1,48.1,48.1,48.1,48.1,48.1,48.1,48.1,48.1,48.1,48.1,48.1,48.1,48.1,48.1,48.1,48.1,48.1,48.1,61.9,61.9,61.9,70.6,70.6,70.6,70.6,70.6,70.6,70.6,70.6,70.6,70.6,70.6,70.6,76.9,76.9,76.9,76.9,76.9,76.9,76.9,76.9,76.9,76.9,76.9,76.9,76.9,76.9,79.4,79.4
Bangladesh,35,35,35,38.1,38.1,38.1,38.1,38.1,38.1,38.1,38.1,38.1,38.1,38.1,38.1,38.1,38.1,38.1,38.1,38.1,38.1,38.1,38.1,38.1,38.1,38.1,38.1,38.1,38.1,38.1,38.1,38.1,38.1,38.1,38.1,38.1,38.1,43.8,43.8,46.9,46.9,49.4,49.4,49.4,49.4,49.4,49.4,49.4,49.4,49.4,49.4
Bulgaria,65,65,65,65,65,65,65,65,65,65,65,65,65,65,65,65,65,68.1,68.1,68.1,68.1,68.1,68.1,68.1,68.1,68.1,68.1,68.1,68.1,68.1,68.1,73.8,73.8,73.8,82.5,88.1,88.1,88.1,88.1,90.6,90.6,87.5,87.5,90.6,90.6,90.6,90.6,90.6,90.6,90.6,90.6
Bahrain,20.6,20.6,20.6,20.6,20.6,20.6,20.6,26.3,26.3,26.3,26.3,26.3,26.3,26.3,26.3,26.3,26.3,26.3,26.3,26.3,26.3,26.3,26.3,26.3,28.8,28.8,28.8,28.8,28.8,28.8,28.8,28.8,28.8,28.8,28.8,28.8,31.9,31.9,31.9,31.9,31.9,31.9,31.9,35,35,35,37.5,37.5,40,46.3,55.6
Bahamas,50,50,56.3,56.3,56.3,56.3,56.3,56.3,56.3,56.3,56.3,56.3,56.3,58.8,58.8,61.9,61.9,61.9,64.4,64.4,64.4,64.4,73.1,73.1,73.1,73.1,73.1,73.1,73.1,73.1,73.1,73.1,81.3,81.3,81.3,81.3,81.3,81.3,81.3,81.3,81.3,81.3,81.3,81.3,81.3,81.3,81.3,81.3,81.3,81.3,81.3
Bosnia and Herzegovina,58.1,58.1,58.1,58.1,58.1,58.1,58.1,58.1,58.1,58.1,58.1,58.1,58.1,58.1,58.1,58.1,58.1,58.1,58.1,58.1,58.1,58.1,58.1,58.1,58.1,58.1,58.1,58.1,58.1,61.3,66.9,66.9,66.9,76.3,76.3,78.8,78.8,78.8,78.8,78.8,81.9,81.9,81.9,81.9,81.9,81.9,85,88.1,85,85,85
Belarus,53.1,50,55,58.1,58.1,58.1,58.1,58.1,58.1,58.1,58.1,58.1,58.1,58.1,58.1,58.1,58.1,58.1,58.1,58.1,58.1,58.1,61.3,61.3,63.8,70,70,70,70,70,73.1,73.1,73.1,73.1,73.1,73.1,73.1,73.1,73.1,73.1,73.1,73.1,73.1,73.1,75.6,75.6,75.6,75.6,75.6,75.6,75.6
Belize,51.3,51.3,51.3,51.3,51.3,51.3,51.3,51.3,51.3,51.3,53.8,63.1,63.1,63.1,63.1,63.1,63.1,63.1,63.1,63.1,63.1,63.1,63.1,65.6,65.6,65.6,65.6,71.9,71.9,71.9,71.9,74.4,76.9,76.9,76.9,76.9,76.9,76.9,76.9,76.9,76.9,76.9,79.4,79.4,79.4,79.4,79.4,79.4,79.4,79.4,79.4
Bolivia,36.9,36.9,36.9,53.8,53.8,53.8,53.8,53.8,53.8,53.8,53.8,53.8,53.8,53.8,53.8,53.8,53.8,53.8,56.3,56.3,56.3,56.3,56.3,56.3,56.3,56.3,58.8,58.8,58.8,58.8,58.8,58.8,58.8,58.8,58.8,58.8,58.8,58.8,61.9,65,65,68.1,68.1,76.9,76.9,88.8,88.8,88.8,88.8,88.8,88.8
Brazil,31.3,31.3,31.3,31.3,30.6,30.6,30.6,30.6,33.1,33.1,33.1,33.1,33.1,33.1,33.1,33.1,33.1,33.1,33.1,41.3,50.6,50.6,50.6,50.6,50.6,50.6,50.6,50.6,50.6,56.9,56.9,63.1,79.4,79.4,79.4,79.4,79.4,81.9,81.9,81.9,81.9,81.9,81.9,81.9,81.9,81.9,81.9,81.9,81.9,81.9,85
Barbados,60,60,60,60,60,60,60,62.5,62.5,62.5,65.6,65.6,68.1,68.1,68.1,68.1,68.1,68.1,68.1,68.1,68.1,68.1,70.6,70.6,70.6,70.6,70.6,70.6,70.6,70.6,70.6,70.6,70.6,70.6,70.6,70.6,70.6,70.6,70.6,70.6,70.6,70.6,70.6,70.6,70.6,70.6,70.6,70.6,76.9,76.9,76.9
Brunei,38.8,38.8,38.8,38.8,38.8,38.8,38.8,38.8,38.8,38.8,38.8,38.8,38.8,38.8,41.9,41.9,41.9,41.9,41.9,41.9,41.9,41.9,41.9,41.9,41.9,41.9,41.9,41.9,41.9,41.9,46.9,46.9,46.9,46.9,46.9,46.9,46.9,46.9,46.9,46.9,53.1,53.1,53.1,53.1,53.1,53.1,53.1,53.1,53.1,53.1,53.1
Bhutan,55,55,55,55,55,55,55,55,55,55,55,55,55,55,55,55,55,55,55,55,55,55,55,55,55,55,55,55,55,55,55,51.9,51.9,51.9,51.9,51.9,51.9,66.9,66.9,66.9,69.4,69.4,69.4,71.9,71.9,71.9,71.9,71.9,71.9,71.9,71.9
Botswana,22.5,25,25,25,25,25,25,25,25,25,25,25,25,25,25,25,25,25,25,25,25,25,25,28.1,28.1,28.1,37.5,40.6,40.6,40.6,40.6,40.6,40.6,40.6,40.6,61.3,61.3,61.3,63.8,63.8,63.8,63.8,63.8,63.8,63.8,63.8,63.8,63.8,63.8,63.8,63.8
Central African Republic,45,45,45,45,45,45,47.5,47.5,47.5,47.5,47.5,47.5,47.5,47.5,47.5,47.5,47.5,47.5,47.5,47.5,47.5,47.5,47.5,47.5,47.5,47.5,47.5,47.5,58.8,58.8,58.8,58.8,58.8,58.8,58.8,58.8,58.8,73.8,73.8,76.9,76.9,76.9,76.9,76.9,76.9,76.9,76.9,76.9,76.9,76.9,76.9
Canada,63.8,63.8,68.8,68.8,68.8,71.3,71.3,74.4,77.5,80.6,80.6,80.6,80.6,80.6,80.6,86.3,86.3,89.4,89.4,89.4,95,97.5,97.5,97.5,97.5,97.5,97.5,97.5,97.5,97.5,97.5,97.5,97.5,97.5,97.5,97.5,97.5,97.5,97.5,97.5,97.5,97.5,97.5,97.5,97.5,97.5,97.5,97.5,97.5,100,100
Switzerland,46.3,46.3,46.3,46.3,46.3,46.3,46.3,46.3,46.3,46.3,46.3,46.3,46.3,46.3,46.3,60,60,60,62.5,62.5,62.5,62.5,62.5,62.5,62.5,75,78.1,78.1,78.1,78.1,78.1,78.1,78.1,78.1,78.1,83.1,83.1,85.6,85.6,85.6,85.6,85.6,85.6,85.6,85.6,85.6,85.6,85.6,85.6,85.6,85.6
Chile,33.8,33.8,33.8,36.3,36.3,36.3,36.3,36.3,36.3,36.3,36.3,36.3,36.3,36.3,36.3,36.3,36.3,36.3,36.3,36.3,54.4,54.4,54.4,54.4,60.6,60.6,60.6,60.6,60.6,60.6,60.6,60.6,60.6,63.8,63.8,66.9,71.9,71.9,75,75,75,75,77.5,77.5,77.5,77.5,77.5,77.5,77.5,77.5,80
China,56.9,56.9,56.9,56.9,56.9,56.9,56.9,56.9,56.9,56.9,56.9,56.9,56.9,56.9,56.9,56.9,56.9,56.9,56.9,59.4,59.4,59.4,59.4,59.4,59.4,62.5,62.5,62.5,62.5,62.5,62.5,62.5,65,65,70,70,72.5,72.5,69.4,69.4,69.4,69.4,75.6,75.6,75.6,75.6,75.6,75.6,75.6,75.6,75.6
Cote d'Ivoire,45.6,45.6,45.6,45.6,45.6,45.6,45.6,45.6,45.6,45.6,45.6,45.6,45.6,45.6,48.8,48.8,48.8,48.8,48.8,48.8,48.8,48.8,48.8,48.8,48.8,63.1,63.1,63.1,63.1,69.4,69.4,69.4,69.4,69.4,69.4,69.4,69.4,69.4,69.4,69.4,69.4,69.4,69.4,78.1,78.1,78.1,78.1,78.1,78.1,83.1,83.1
Cameroon,45.6,45.6,45.6,45.6,45.6,45.6,45.6,45.6,45.6,45.6,45.6,45.6,45.6,45.6,45.6,45.6,45.6,45.6,45.6,45.6,45.6,48.1,48.1,50.6,50.6,50.6,50.6,50.6,50.6,50.6,50.6,50.6,50.6,50.6,50.6,50.6,50.6,50.6,50.6,50.6,50.6,50.6,50.6,50.6,50.6,50.6,50.6,60,60,60,60
"Congo, Dem. Rep.",23.1,23.1,23.1,23.1,23.1,23.1,23.1,23.1,23.1,23.1,23.1,23.1,23.1,23.1,23.1,23.1,23.1,23.1,25.6,25.6,25.6,25.6,25.6,25.6,25.6,25.6,25.6,25.6,25.6,28.1,28.1,28.1,28.1,42.5,42.5,42.5,42.5,42.5,42.5,42.5,42.5,42.5,42.5,42.5,42.5,42.5,48.8,70,70,78.8,78.8
"Congo, Rep.",40,40,40,40,40,40,40,40,40,40,40,40,40,40,40,46.3,49.4,49.4,49.4,49.4,49.4,49.4,49.4,49.4,49.4,49.4,49.4,49.4,49.4,49.4,49.4,49.4,49.4,49.4,49.4,49.4,49.4,49.4,49.4,49.4,49.4,49.4,49.4,49.4,49.4,49.4,49.4,49.4,49.4,49.4,49.4
Colombia,51.3,51.3,51.3,51.3,51.3,56.9,59.4,59.4,59.4,59.4,59.4,59.4,59.4,59.4,59.4,59.4,59.4,59.4,59.4,59.4,59.4,59.4,59.4,59.4,59.4,59.4,59.4,61.9,61.9,61.9,61.9,61.9,64.4,66.9,66.9,66.9,73.1,73.1,73.1,73.1,73.1,73.1,78.8,78.8,78.8,78.8,78.8,81.9,81.9,81.9,81.9
Comoros,35.6,35.6,35.6,35.6,35.6,35.6,35.6,35.6,35.6,35.6,35.6,35.6,38.1,38.1,43.8,43.8,43.8,43.8,43.8,43.8,43.8,43.8,43.8,43.8,43.8,43.8,43.8,43.8,43.8,43.8,43.8,43.8,43.8,43.8,43.8,43.8,43.8,43.8,43.8,43.8,43.8,43.8,43.8,56.3,56.3,65,65,65,65,65,65
Cape Verde,36.9,36.9,36.9,36.9,36.9,36.9,36.9,39.4,39.4,39.4,39.4,41.9,60,63.1,63.1,63.1,63.1,63.1,63.1,63.1,63.1,63.1,63.1,63.1,63.1,63.1,63.1,63.1,63.1,63.1,63.1,63.1,63.1,63.1,78.1,78.1,78.1,78.1,86.3,86.3,86.3,86.3,86.3,86.3,86.3,86.3,86.3,86.3,86.3,86.3,86.3
Costa Rica,60.6,60.6,60.6,60.6,63.1,63.1,63.1,63.1,63.1,63.1,63.1,63.1,63.1,63.1,63.1,63.1,65.6,65.6,65.6,65.6,65.6,65.6,65.6,65.6,65.6,75,77.5,77.5,77.5,77.5,77.5,77.5,77.5,77.5,77.5,77.5,77.5,77.5,80,80,80,80,80,80,80,80,80,80,80,80,83.1
Cyprus,60,60,60,63.1,63.1,63.1,63.1,63.1,63.1,63.1,63.1,63.1,63.1,63.1,63.1,63.1,63.1,65.6,68.1,68.1,71.3,73.8,73.8,73.8,73.8,76.3,76.3,76.3,76.3,76.3,76.3,76.3,76.3,85.6,85.6,85.6,85.6,85.6,88.8,88.8,88.8,88.8,88.8,88.8,88.8,88.8,88.8,88.8,91.3,91.3,91.3
Czech Republic,64.4,64.4,64.4,64.4,64.4,64.4,64.4,64.4,64.4,64.4,67.5,67.5,67.5,67.5,67.5,67.5,67.5,67.5,67.5,67.5,67.5,70,70,70,70,73.1,73.1,73.1,73.1,73.1,73.1,73.1,73.1,73.1,73.1,73.1,81.9,81.9,88.1,88.1,88.1,88.1,91.3,91.3,91.3,91.3,91.3,91.3,93.8,93.8,93.8
Germany,65,65,65,65,65,65,65,68.1,68.1,68.1,68.1,68.1,68.1,68.1,68.1,68.1,73.8,73.8,73.8,73.8,73.8,73.8,73.8,73.8,73.8,76.9,76.9,76.9,76.9,76.9,76.9,76.9,79.4,79.4,79.4,79.4,79.4,91.3,91.3,94.4,94.4,94.4,94.4,94.4,94.4,94.4,94.4,94.4,97.5,97.5,97.5
Djibouti,43.8,43.8,43.8,43.8,43.8,43.8,43.8,43.8,43.8,43.8,43.8,43.8,43.8,43.8,43.8,43.8,43.8,43.8,43.8,43.8,50,50,50,50,50,53.1,53.1,53.1,53.1,53.1,53.1,53.1,53.1,53.1,53.1,56.3,59.4,59.4,59.4,59.4,59.4,59.4,59.4,59.4,59.4,59.4,59.4,59.4,61.9,68.1,68.1
Dominica,48.8,48.8,48.8,53.8,53.8,53.8,60,60,60,60,60,60,60,60,60,60,60,60,60,60,60,60,60,60,60,60,60,60,60,60,60,60,62.5,62.5,62.5,62.5,62.5,62.5,62.5,62.5,62.5,62.5,62.5,62.5,62.5,62.5,62.5,62.5,62.5,62.5,62.5
Denmark,71.3,71.3,71.3,71.3,71.3,71.3,71.3,71.3,71.3,71.3,71.3,71.3,71.3,71.3,71.3,76.3,76.3,76.3,76.3,78.8,78.8,78.8,81.9,81.9,81.9,81.9,81.9,81.9,85,85,91.3,91.3,91.3,91.3,91.3,91.3,91.3,91.3,97.5,97.5,97.5,97.5,100,100,100,100,100,100,100,100,100
Dominican Republic,40,40,40,40,40,40,40,40,40,58.1,58.1,58.1,58.1,58.1,58.1,58.1,58.1,58.1,58.1,58.1,58.1,58.1,70,70,70,70,70,75.6,75.6,75.6,75.6,75.6,80.6,80.6,80.6,80.6,80.6,80.6,80.6,80.6,80.6,80.6,80.6,80.6,80.6,83.8,83.8,86.3,86.3,86.3,86.3
Algeria,30,30,30,30,30,32.5,32.5,32.5,32.5,32.5,32.5,32.5,32.5,35.6,38.1,38.1,38.1,38.1,38.1,38.1,43.8,43.8,43.8,43.8,43.8,43.8,43.8,40.6,40.6,40.6,40.6,40.6,40.6,40.6,40.6,55,55,55,55,55,55,55,55,55,55,55,57.5,57.5,57.5,57.5,57.5
Ecuador,34.4,51.9,51.9,51.9,51.9,51.9,51.9,51.9,51.9,51.9,51.9,51.9,51.9,51.9,51.9,51.9,51.9,51.9,51.9,58.1,63.8,63.8,63.8,63.8,63.8,63.8,66.3,66.3,66.3,75.6,75.6,75.6,78.8,78.8,78.8,78.8,81.3,81.3,81.3,84.4,84.4,84.4,84.4,84.4,84.4,84.4,89.4,89.4,89.4,89.4,89.4
Egypt,29.4,29.4,29.4,29.4,29.4,29.4,29.4,29.4,29.4,29.4,29.4,29.4,29.4,29.4,29.4,29.4,30,30,30,30,30,32.5,32.5,32.5,32.5,32.5,32.5,32.5,32.5,32.5,32.5,35.6,35.6,38.8,38.8,38.8,38.8,38.8,38.8,38.8,38.8,38.8,38.8,38.8,38.8,45,45,45,45,45,45
Eritrea,50.6,50.6,50.6,50.6,50.6,50.6,50.6,50.6,50.6,50.6,50.6,50.6,50.6,50.6,50.6,50.6,50.6,50.6,50.6,50.6,50.6,50.6,66.3,66.3,66.3,66.3,66.3,66.3,66.3,66.3,66.3,66.3,69.4,69.4,69.4,69.4,69.4,69.4,69.4,69.4,69.4,69.4,69.4,69.4,69.4,69.4,69.4,69.4,69.4,69.4,69.4
Spain,33.8,33.8,33.8,33.8,33.8,51.9,54.4,54.4,57.5,57.5,60.6,60.6,73.8,73.8,73.8,73.8,73.8,73.8,73.8,73.8,73.8,73.8,73.8,73.8,76.9,79.4,94.4,94.4,94.4,94.4,94.4,94.4,94.4,94.4,94.4,94.4,94.4,97.5,97.5,97.5,97.5,97.5,97.5,97.5,97.5,97.5,97.5,97.5,97.5,97.5,97.5
Estonia,53.1,50,52.5,55,55,55,55,55,55,55,55,55,55,55,55,55,55,55,55,55,55,55,63.8,63.8,63.8,63.8,63.8,63.8,63.8,63.8,63.8,63.8,69.4,69.4,81.9,81.9,81.9,81.9,81.9,88.1,91.3,91.3,91.3,91.3,91.3,91.3,97.5,97.5,97.5,97.5,97.5
Ethiopia,44.4,44.4,44.4,44.4,44.4,44.4,44.4,44.4,44.4,44.4,44.4,44.4,44.4,44.4,44.4,44.4,44.4,44.4,44.4,44.4,44.4,44.4,44.4,50,50,50,50,50,50,50,50,63.1,63.1,63.1,63.1,65.6,65.6,65.6,65.6,65.6,65.6,65.6,71.9,71.9,71.9,71.9,71.9,71.9,71.9,71.9,76.9
Finland,65.6,65.6,65.6,65.6,65.6,68.1,68.1,68.1,73.1,73.1,73.1,73.1,73.1,73.1,73.1,73.1,76.3,79.4,79.4,82.5,82.5,82.5,82.5,82.5,82.5,82.5,82.5,82.5,82.5,85,85,85,85,85,88.1,94.4,94.4,94.4,94.4,97.5,97.5,97.5,97.5,97.5,97.5,97.5,97.5,97.5,97.5,97.5,97.5
Fiji,51.3,51.3,51.3,51.3,51.3,51.3,51.3,51.3,51.3,51.3,51.3,51.3,51.3,51.3,51.3,51.3,51.3,51.3,51.3,51.3,51.3,51.3,51.3,51.3,51.3,51.3,51.3,51.3,51.3,57.5,57.5,57.5,57.5,57.5,60,60,60,60,71.9,71.9,74.4,74.4,74.4,74.4,74.4,74.4,74.4,74.4,74.4,79.4,82.5
France,53.8,56.3,56.3,59.4,59.4,59.4,62.5,62.5,62.5,62.5,62.5,62.5,62.5,65.6,65.6,65.6,73.8,73.8,76.9,76.9,76.9,76.9,76.9,86.3,86.3,86.3,86.3,86.3,86.3,86.3,86.3,89.4,89.4,89.4,91.9,91.9,94.4,97.5,97.5,97.5,97.5,97.5,97.5,97.5,97.5,100,100,100,100,100,100
"Micronesia, Fed. Sts.",61.3,61.3,61.3,61.3,61.3,61.3,61.3,61.3,61.3,61.3,61.3,61.3,61.3,61.3,61.3,61.3,61.3,61.3,61.3,61.3,61.3,61.3,61.3,61.3,61.3,61.3,61.3,61.3,61.3,61.3,61.3,61.3,61.3,61.3,61.3,61.3,61.3,61.3,61.3,61.3,61.3,61.3,61.3,61.3,61.3,61.3,61.3,61.3,63.8,63.8,63.8
Gabon,43.1,43.1,43.1,43.1,43.1,43.1,43.1,43.1,43.1,43.1,43.1,43.1,45.6,45.6,45.6,45.6,45.6,45.6,45.6,45.6,45.6,45.6,45.6,45.6,45.6,51.3,51.3,51.3,51.3,51.3,51.3,51.3,51.3,51.3,51.3,51.3,51.3,51.3,51.3,51.3,51.3,51.3,51.3,51.3,51.3,51.3,51.3,57.5,57.5,57.5,57.5
United Kingdom,51.9,51.9,51.9,56.9,60,63.1,69.4,69.4,69.4,69.4,69.4,72.5,72.5,72.5,72.5,72.5,72.5,75,75,78.1,78.1,78.1,78.1,78.1,78.1,78.1,81.3,83.8,83.8,83.8,86.3,86.3,86.3,88.8,88.8,88.8,91.9,91.9,91.9,91.9,95,95,95,95,95,97.5,97.5,97.5,97.5,97.5,97.5
Georgia,53.1,50,52.5,52.5,61.3,61.3,61.3,61.3,61.3,61.3,61.3,61.3,61.3,61.3,61.3,61.3,61.3,61.3,61.3,61.3,61.3,61.3,61.3,61.3,61.3,61.3,61.3,61.3,61.3,61.3,61.3,61.3,61.3,61.3,64.4,64.4,66.9,66.9,66.9,66.9,70,70,70,73.1,79.4,79.4,79.4,79.4,79.4,85.6,85.6
Ghana,46.3,46.3,49.4,49.4,49.4,49.4,49.4,49.4,49.4,49.4,49.4,49.4,49.4,49.4,49.4,49.4,54.4,54.4,54.4,54.4,54.4,57.5,57.5,57.5,57.5,57.5,57.5,57.5,57.5,57.5,57.5,57.5,57.5,57.5,72.5,72.5,72.5,75,75,75,75,75,75,75,75,75,75,75,75,75,75
Guinea,41.3,41.3,41.3,41.3,41.3,41.3,41.3,41.3,41.3,41.3,41.3,41.3,41.3,41.3,41.3,41.3,41.3,41.3,46.9,46.9,46.9,46.9,46.9,46.9,46.9,46.9,46.9,46.9,46.9,46.9,46.9,46.9,46.9,46.9,46.9,46.9,46.9,46.9,46.9,46.9,46.9,46.9,46.9,46.9,61.9,61.9,61.9,65,65,76.3,76.3
Gambia,49.4,49.4,49.4,49.4,49.4,49.4,49.4,49.4,55.6,55.6,55.6,55.6,55.6,55.6,55.6,55.6,55.6,58.8,58.8,58.8,58.8,58.8,58.8,58.8,58.8,58.8,58.8,58.8,58.8,58.8,58.8,58.8,58.8,58.8,58.8,58.8,58.8,58.8,61.3,61.3,61.3,71.9,71.9,71.9,74.4,74.4,74.4,74.4,74.4,74.4,74.4
Guinea-Bissau,28.1,28.1,28.1,28.1,28.1,28.1,28.1,28.1,28.1,28.1,28.1,28.1,28.1,28.1,28.1,28.1,40,40,40,40,40,40,40,40,40,40,40,40,40,40,40,40,40,40,40,40,40,40,40,40,40,40,40,40,42.5,42.5,42.5,42.5,42.5,42.5,42.5
Equatorial Guinea,31.9,31.9,31.9,31.9,31.9,31.9,31.9,31.9,31.9,31.9,31.9,31.9,31.9,31.9,40.6,40.6,40.6,40.6,40.6,40.6,46.3,46.3,46.3,46.3,46.3,46.3,46.3,46.3,46.3,46.3,46.3,46.3,46.3,46.3,46.3,46.3,46.3,46.3,46.3,46.3,46.3,46.3,46.3,51.9,51.9,51.9,51.9,51.9,51.9,51.9,51.9
Greece,46.9,46.9,46.9,46.9,46.9,46.9,46.9,46.9,46.9,46.9,46.9,46.9,46.9,61.9,67.5,70.6,70.6,70.6,70.6,70.6,70.6,70.6,70.6,73.1,73.1,73.1,73.1,73.1,73.1,73.1,73.1,73.1,73.1,73.1,73.1,73.1,73.1,85,85,85,88.1,97.5,97.5,97.5,97.5,97.5,97.5,97.5,97.5,97.5,97.5
Grenada,45.6,45.6,45.6,50.6,53.8,53.8,53.8,53.8,53.8,53.8,53.8,56.3,56.3,65.6,65.6,65.6,65.6,65.6,65.6,65.6,65.6,65.6,65.6,65.6,65.6,65.6,65.6,65.6,65.6,65.6,75,75,77.5,77.5,77.5,77.5,77.5,77.5,77.5,77.5,77.5,77.5,77.5,77.5,77.5,77.5,77.5,77.5,77.5,80.6,80.6
Guatemala,49.4,49.4,49.4,49.4,49.4,49.4,49.4,49.4,49.4,49.4,49.4,49.4,49.4,49.4,49.4,49.4,49.4,49.4,49.4,49.4,49.4,49.4,49.4,55,57.5,57.5,57.5,60,60,65,68.1,68.1,68.1,68.1,68.1,68.1,68.1,68.1,70.6,70.6,70.6,70.6,70.6,70.6,70.6,70.6,70.6,70.6,70.6,70.6,70.6
Guyana,60.6,60.6,60.6,60.6,60.6,60.6,60.6,60.6,60.6,60.6,60.6,60.6,60.6,60.6,60.6,60.6,60.6,60.6,60.6,63.8,63.8,66.3,66.3,66.3,66.3,66.3,66.3,71.9,86.9,86.9,86.9,86.9,86.9,86.9,86.9,86.9,86.9,86.9,86.9,86.9,86.9,86.9,86.9,86.9,86.9,86.9,86.9,86.9,86.9,86.9,86.9
"Hong Kong, China",62.5,62.5,62.5,71.9,71.9,71.9,71.9,71.9,71.9,71.9,71.9,71.9,71.9,71.9,71.9,71.9,71.9,74.4,74.4,74.4,74.4,74.4,74.4,74.4,74.4,74.4,83.8,86.9,86.9,86.9,86.9,86.9,86.9,86.9,86.9,86.9,86.9,86.9,86.9,86.9,86.9,86.9,86.9,86.9,86.9,89.4,89.4,89.4,89.4,89.4,89.4
Honduras,48.8,48.8,51.9,51.9,51.9,51.9,51.9,51.9,51.9,51.9,51.9,51.9,51.9,51.9,51.9,54.4,54.4,54.4,54.4,54.4,54.4,54.4,54.4,54.4,54.4,54.4,54.4,63.1,63.1,63.1,66.3,66.3,66.3,66.3,66.3,66.3,66.3,66.3,69.4,69.4,69.4,69.4,69.4,75,75,75,75,75,75,75,75
Croatia,58.1,58.1,58.1,58.1,58.1,58.1,58.1,58.1,58.1,58.1,58.1,58.1,58.1,58.1,58.1,58.1,58.1,58.1,58.1,58.1,61.3,61.3,61.3,61.3,61.3,67.5,67.5,67.5,67.5,67.5,67.5,67.5,67.5,67.5,76.3,76.3,76.3,76.3,79.4,84.4,93.8,93.8,93.8,93.8,93.8,93.8,93.8,93.8,93.8,93.8,93.8
Haiti,37.5,37.5,37.5,37.5,37.5,37.5,37.5,37.5,37.5,37.5,37.5,37.5,37.5,55,61.3,61.3,61.3,61.3,61.3,61.3,61.3,61.3,61.3,61.3,61.3,61.3,61.3,61.3,61.3,61.3,61.3,61.3,61.3,61.3,61.3,61.3,61.3,61.3,61.3,61.3,61.3,61.3,61.3,61.3,61.3,61.3,61.3,63.8,63.8,63.8,63.8
Hungary,66.9,66.9,66.9,66.9,66.9,66.9,66.9,66.9,66.9,66.9,66.9,66.9,66.9,66.9,66.9,66.9,66.9,66.9,66.9,66.9,70,70,69.4,69.4,69.4,69.4,69.4,69.4,69.4,69.4,69.4,69.4,69.4,69.4,75.6,75.6,81.9,81.9,81.9,91.3,93.8,93.8,96.9,96.9,96.9,96.9,96.9,96.9,96.9,96.9,96.9
Indonesia,20.6,20.6,20.6,20.6,41.3,41.3,41.3,47.5,47.5,47.5,47.5,47.5,47.5,47.5,47.5,47.5,47.5,47.5,47.5,47.5,47.5,47.5,47.5,47.5,47.5,47.5,47.5,47.5,50,50,50,50,50,59.4,61.9,64.4,64.4,64.4,64.4,64.4,64.4,64.4,64.4,64.4,64.4,64.4,64.4,64.4,64.4,64.4,64.4
India,51.9,51.9,51.9,51.9,51.9,51.9,51.9,51.9,51.9,51.9,51.9,51.9,51.9,51.9,51.9,51.9,51.9,51.9,55,55,55,55,55,55,55,60,60,60,62.5,62.5,62.5,62.5,62.5,62.5,62.5,62.5,62.5,62.5,62.5,62.5,62.5,62.5,62.5,68.8,68.8,68.8,68.8,71.3,74.4,74.4,74.4
Ireland,55,55,55,55,55,58.1,58.1,60.6,63.8,63.8,63.8,69.4,71.9,71.9,71.9,71.9,71.9,75,75,75,75,75,75,75,78.1,78.1,83.1,85.6,85.6,91.9,95,95,95,95,95,95,95,95,95,95,95,95,95,95,95,95,95,97.5,97.5,97.5,100
Iran,29.4,29.4,29.4,29.4,29.4,29.4,29.4,29.4,29.4,29.4,29.4,29.4,29.4,29.4,29.4,29.4,29.4,29.4,29.4,29.4,29.4,26.3,26.3,26.3,26.3,26.3,26.3,26.3,26.3,26.3,26.3,26.3,26.3,26.3,26.3,26.3,26.3,26.3,28.8,28.8,28.8,28.8,28.8,28.8,31.3,31.3,31.3,31.3,31.3,31.3,31.3
Iraq,26.9,26.9,26.9,26.9,26.9,26.9,26.9,26.9,26.9,26.9,26.9,26.9,26.9,26.9,26.9,26.9,26.9,26.9,33.1,33.1,33.1,33.1,33.1,33.1,33.1,33.1,33.1,33.1,33.1,33.1,33.1,33.1,33.1,33.1,33.1,33.1,33.1,33.1,33.1,33.1,33.1,33.1,33.1,33.1,33.1,33.1,45,45,45,45,45
Iceland,66.3,66.3,66.3,66.3,66.3,69.4,75,75,75,75,75,75,75,75,75,78.1,78.1,80.6,85.6,85.6,85.6,85.6,85.6,85.6,85.6,85.6,85.6,85.6,88.1,88.1,94.4,94.4,94.4,94.4,94.4,94.4,94.4,94.4,94.4,94.4,94.4,94.4,96.9,96.9,96.9,96.9,100,100,100,100,100
Israel,57.5,57.5,57.5,57.5,60,60,60,60,60,60,60,60,60,60,60,60,60,60,63.1,63.1,63.1,65.6,65.6,65.6,65.6,65.6,68.8,68.8,75,75,78.1,78.1,78.1,78.1,75,75,77.5,77.5,77.5,77.5,77.5,77.5,77.5,77.5,80.6,80.6,80.6,80.6,80.6,80.6,80.6
Italy,48.8,51.3,53.8,53.8,53.8,65,65,65,71.3,71.3,71.3,71.3,71.3,71.3,71.3,71.3,71.3,71.3,71.3,71.3,71.3,71.3,71.3,71.3,71.3,71.3,74.4,74.4,74.4,74.4,76.9,80,80,80,80,83.1,89.4,89.4,89.4,89.4,89.4,89.4,89.4,91.9,94.4,94.4,94.4,94.4,97.5,97.5,97.5
Jamaica,54.4,54.4,54.4,54.4,54.4,54.4,54.4,54.4,54.4,54.4,56.9,56.9,56.9,56.9,56.9,56.9,56.9,56.9,56.9,56.9,56.9,56.9,56.9,56.9,56.9,56.9,59.4,59.4,59.4,59.4,59.4,59.4,59.4,59.4,59.4,59.4,61.9,61.9,61.9,61.9,61.9,61.9,61.9,61.9,61.9,68.1,68.1,68.1,68.1,68.1,68.1
Jordan,20.6,20.6,20.6,20.6,20.6,20.6,20.6,20.6,20.6,23.1,26.3,26.3,26.3,26.3,26.3,26.3,26.3,26.3,26.3,26.3,26.3,26.3,26.3,26.3,26.3,26.3,26.3,26.3,26.3,26.3,26.3,26.3,26.3,26.3,26.3,26.3,26.3,26.3,28.8,28.8,31.9,31.9,31.9,31.9,31.9,31.9,31.9,31.9,31.9,40.6,46.9
Japan,65.6,65.6,65.6,68.8,68.8,68.8,68.8,68.8,68.8,68.8,68.8,68.8,68.8,68.8,68.8,71.3,71.3,71.3,71.3,71.3,71.3,74.4,74.4,74.4,74.4,76.9,76.9,76.9,76.9,76.9,76.9,79.4,79.4,79.4,79.4,79.4,79.4,79.4,79.4,79.4,81.9,81.9,81.9,81.9,81.9,81.9,81.9,81.9,81.9,81.9,81.9
Kazakhstan,53.1,50,55,61.3,61.3,61.3,61.3,61.3,61.3,61.3,58.1,58.1,58.1,58.1,58.1,58.1,58.1,58.1,58.1,58.1,58.1,58.1,61.3,61.3,61.3,61.3,61.3,61.3,61.3,61.3,64.4,64.4,64.4,64.4,64.4,64.4,64.4,67.5,70,70,72.5,72.5,72.5,72.5,72.5,72.5,69.4,69.4,69.4,69.4,69.4
Kenya,48.8,51.9,51.9,51.9,51.9,51.9,51.9,51.9,51.9,51.9,51.9,51.9,51.9,51.9,51.9,51.9,51.9,51.9,51.9,51.9,51.9,51.9,51.9,51.9,51.9,51.9,51.9,51.9,51.9,51.9,51.9,51.9,51.9,51.9,51.9,51.9,51.9,58.1,75.6,75.6,75.6,75.6,75.6,75.6,78.1,78.1,80.6,80.6,80.6,80.6,80.6
Kyrgyz Republic,53.1,52.5,55,55,55,55,55,55,55,55,55,55,55,55,55,55,55,55,55,55,55,55,55,55,55,55,55,55,61.3,61.3,61.3,61.3,61.3,70,70,76.3,76.3,73.8,73.8,76.9,76.9,76.9,76.9,76.9,76.9,76.9,76.9,76.9,76.9,76.9,76.9
Cambodia,51.9,51.9,51.9,51.9,51.9,51.9,51.9,51.9,51.9,51.9,51.9,51.9,51.9,51.9,51.9,51.9,51.9,51.9,51.9,51.9,54.4,54.4,54.4,54.4,56.9,56.9,56.9,63.1,63.1,63.1,63.1,63.1,63.1,63.1,63.1,63.1,65.6,65.6,68.8,68.8,75,75,75,75,75,75,75,75,75,75,75
Kiribati,48.8,48.8,48.8,48.8,48.8,48.8,48.8,48.8,55,55,55,55,55,55,55,55,55,55,55,55,55,55,55,55,55,55,55,55,55,55,55,55,55,55,55,55,55,55,61.3,61.3,61.3,61.3,61.3,61.3,61.3,63.8,78.8,78.8,78.8,78.8,78.8
St. Kitts and Nevis,58.1,58.1,58.1,60.6,60.6,60.6,60.6,60.6,63.8,66.3,66.3,66.3,66.3,66.3,66.3,66.3,66.3,68.8,68.8,68.8,68.8,68.8,68.8,68.8,68.8,68.8,68.8,68.8,68.8,68.8,71.3,71.3,71.3,71.3,71.3,71.3,71.3,71.3,71.3,71.3,71.3,71.3,71.3,71.3,71.3,71.3,71.3,71.3,71.3,71.3,71.3
South Korea,38.1,38.1,38.1,38.1,44.4,44.4,44.4,44.4,44.4,44.4,44.4,44.4,44.4,44.4,44.4,44.4,44.4,44.4,46.9,46.9,57.5,57.5,57.5,57.5,57.5,57.5,57.5,60.6,63.1,66.3,66.3,66.3,71.3,71.3,71.3,76.3,79.4,79.4,85,85,85,85,85,85,85,85,85,85,85,85,85
Kosovo,67.5,67.5,67.5,67.5,67.5,67.5,67.5,67.5,67.5,67.5,67.5,67.5,67.5,67.5,67.5,67.5,67.5,67.5,67.5,67.5,67.5,67.5,67.5,67.5,67.5,67.5,67.5,70.6,70.6,70.6,70.6,70.6,78.1,80.6,83.8,86.9,86.9,86.9,86.9,86.9,86.9,91.9,91.9,91.9,91.9,91.9,91.9,91.9,91.9,91.9,91.9
Kuwait,23.1,23.1,23.1,23.1,23.1,23.1,23.1,26.3,26.3,26.3,26.3,26.3,26.3,26.3,26.3,26.3,26.3,26.3,26.3,26.3,26.3,26.3,26.3,26.3,26.3,26.3,26.3,26.3,26.3,26.3,26.3,26.3,26.3,26.3,26.3,26.3,26.3,26.3,26.3,26.3,29.4,29.4,29.4,29.4,29.4,29.4,29.4,29.4,29.4,26.3,28.8
Lao,34.4,36.9,36.9,36.9,36.9,36.9,40,40,40,40,40,40,40,40,40,40,42.5,42.5,42.5,42.5,42.5,53.1,53.1,53.1,58.8,58.8,58.8,58.8,58.8,58.8,68.1,68.1,68.1,68.1,68.1,70.6,73.8,83.1,83.1,83.1,83.1,83.1,83.1,83.1,88.1,88.1,88.1,88.1,88.1,88.1,88.1
Lebanon,44.4,44.4,44.4,44.4,44.4,44.4,44.4,44.4,44.4,44.4,44.4,44.4,44.4,44.4,44.4,44.4,44.4,44.4,44.4,44.4,44.4,44.4,44.4,44.4,44.4,44.4,44.4,44.4,44.4,44.4,50,50,50,50,50,50,50,50,50,50,50,50,50,50,50,52.5,52.5,52.5,52.5,52.5,52.5
Liberia,43.8,43.8,43.8,63.8,63.8,63.8,63.8,63.8,63.8,63.8,63.8,63.8,63.8,63.8,66.3,66.3,66.3,66.3,66.3,66.3,66.3,66.3,66.3,66.3,66.3,66.3,66.3,66.3,66.3,66.3,66.3,66.3,66.3,66.3,66.3,66.3,66.3,66.3,66.3,66.3,66.3,66.3,66.3,66.3,66.3,66.3,81.3,81.3,83.8,83.8,83.8
Libya,36.3,36.3,36.3,36.3,36.3,36.3,36.3,36.3,36.3,36.3,36.3,36.3,36.3,36.3,38.8,38.8,38.8,38.8,38.8,38.8,38.8,38.8,38.8,38.8,38.8,38.8,38.8,38.8,38.8,38.8,38.8,38.8,38.8,38.8,38.8,38.8,38.8,38.8,38.8,38.8,50,50,50,50,50,50,50,50,50,50,50
St. Lucia,46.3,52.5,52.5,52.5,52.5,52.5,52.5,52.5,52.5,52.5,55,55,55,55,55,55,55,55,55,57.5,63.1,63.1,63.1,63.1,63.1,65.6,65.6,65.6,65.6,65.6,80.6,80.6,80.6,80.6,80.6,80.6,80.6,83.8,83.8,83.8,83.8,83.8,83.8,83.8,83.8,83.8,83.8,83.8,83.8,83.8,83.8
Sri Lanka,56.9,56.9,56.9,56.9,56.9,56.9,56.9,56.9,56.9,56.9,56.9,56.9,56.9,56.9,56.9,56.9,56.9,56.9,56.9,56.9,56.9,56.9,56.9,56.9,56.9,56.9,63.1,63.1,63.1,63.1,63.1,63.1,63.1,63.1,63.1,63.1,65.6,65.6,65.6,65.6,65.6,65.6,65.6,65.6,65.6,65.6,65.6,65.6,65.6,65.6,65.6
Lesotho,28.8,28.8,28.8,28.8,28.8,28.8,28.8,28.8,28.8,28.8,28.8,28.8,28.8,28.8,28.8,28.8,28.8,28.8,28.8,28.8,28.8,28.8,31.3,43.1,43.1,43.1,43.1,43.1,43.1,43.1,43.1,43.1,43.1,43.1,43.1,52.5,70.6,75.6,75.6,75.6,75.6,78.1,78.1,78.1,78.1,78.1,78.1,78.1,78.1,78.1,78.1
Lithuania,55.6,52.5,58.1,61.3,61.3,61.3,61.3,61.3,61.3,61.3,61.3,61.3,61.3,61.3,61.3,61.3,61.3,61.3,61.3,61.3,61.3,61.3,61.3,61.3,61.3,67.5,67.5,67.5,67.5,73.8,73.8,79.4,79.4,91.9,88.8,88.8,88.8,91.3,91.3,91.3,91.3,91.3,93.8,93.8,93.8,93.8,93.8,93.8,93.8,93.8,93.8
Luxembourg,42.5,42.5,42.5,63.1,65.6,68.8,73.8,73.8,73.8,73.8,73.8,73.8,76.9,76.9,76.9,76.9,76.9,76.9,76.9,76.9,76.9,76.9,76.9,76.9,76.9,76.9,76.9,76.9,76.9,79.4,85.6,88.8,88.8,88.8,91.3,91.3,91.3,94.4,97.5,97.5,97.5,100,100,100,100,100,100,100,100,100,100
Latvia,53.1,52.5,55,55,55,55,55,55,55,55,55,55,55,55,55,55,55,55,55,55,55,55,55,55,55,55,67.5,67.5,67.5,67.5,67.5,67.5,83.1,88.1,94.4,94.4,94.4,94.4,97.5,97.5,97.5,97.5,97.5,97.5,100,100,100,100,100,100,100
Morocco,38.1,38.1,38.1,38.1,38.1,38.1,38.1,38.1,38.1,38.1,38.1,38.1,38.1,38.1,38.1,38.1,38.1,38.1,38.1,38.1,38.1,38.1,38.1,38.1,41.3,41.3,44.4,44.4,44.4,44.4,44.4,44.4,44.4,44.4,70.6,73.1,73.1,73.1,73.1,73.1,73.1,73.1,73.1,73.1,73.1,73.1,73.1,73.1,75.6,75.6,75.6
Moldova,53.1,52.5,55,55,58.1,58.1,58.1,58.1,58.1,58.1,58.1,58.1,58.1,58.1,58.1,58.1,58.1,58.1,58.1,58.1,58.1,60.6,60.6,60.6,60.6,60.6,60.6,63.8,63.8,66.9,66.9,66.9,66.9,66.9,66.9,66.9,73.1,73.1,75.6,75.6,75.6,78.8,78.8,78.8,78.8,78.8,78.8,81.3,84.4,84.4,84.4
Madagascar,42.5,42.5,42.5,42.5,42.5,42.5,45,45,45,45,45,45,45,45,45,45,45,45,45,45,45,45,45,45,45,48.1,48.1,48.1,48.1,48.1,48.1,54.4,54.4,54.4,54.4,60.6,60.6,60.6,65.6,65.6,65.6,65.6,65.6,65.6,71.9,71.9,71.9,71.9,71.9,71.9,74.4
Maldives,44.4,44.4,44.4,44.4,44.4,44.4,44.4,44.4,44.4,44.4,44.4,44.4,44.4,44.4,44.4,44.4,44.4,44.4,44.4,44.4,44.4,44.4,44.4,44.4,44.4,44.4,44.4,44.4,44.4,44.4,44.4,44.4,44.4,44.4,44.4,44.4,44.4,44.4,53.1,61.9,61.9,61.9,64.4,64.4,64.4,70.6,70.6,73.8,73.8,73.8,73.8
Mexico,55,55,55,55,55,58.1,58.1,58.1,58.1,58.1,58.1,58.1,58.1,58.1,61.3,61.3,61.3,61.3,61.3,61.3,61.3,67.5,67.5,67.5,67.5,67.5,67.5,67.5,67.5,67.5,72.5,72.5,72.5,72.5,72.5,72.5,72.5,75,75,77.5,77.5,77.5,77.5,85.6,88.8,88.8,88.8,88.8,88.8,88.8,88.8
Marshall Islands,56.3,56.3,56.3,56.3,56.3,56.3,56.3,56.3,56.3,56.3,56.3,56.3,56.3,56.3,56.3,56.3,56.3,56.3,56.3,56.3,56.3,56.3,56.3,56.3,56.3,56.3,56.3,56.3,56.3,56.3,56.3,56.3,56.3,56.3,56.3,56.3,56.3,56.3,56.3,56.3,56.3,56.3,58.8,58.8,58.8,58.8,58.8,58.8,58.8,58.8,68.1
North Macedonia,61.9,61.9,64.4,64.4,64.4,64.4,64.4,64.4,64.4,64.4,64.4,64.4,64.4,64.4,64.4,64.4,64.4,64.4,64.4,64.4,64.4,64.4,64.4,64.4,67.5,67.5,67.5,67.5,67.5,70.6,70.6,70.6,70.6,70.6,70.6,70.6,76.9,76.9,76.9,79.4,82.5,82.5,82.5,82.5,82.5,85,85,85,85,85,85
Mali,41.3,41.3,41.3,41.3,41.3,41.3,41.3,41.3,41.3,41.3,41.3,41.3,41.3,41.3,41.3,41.3,41.3,41.3,41.3,41.3,41.3,41.3,41.3,46.3,46.3,46.3,46.3,46.3,46.3,46.3,49.4,49.4,49.4,49.4,49.4,49.4,49.4,49.4,49.4,49.4,49.4,49.4,54.4,54.4,54.4,54.4,54.4,54.4,60.6,60.6,60.6
Malta,52.5,52.5,52.5,52.5,52.5,52.5,52.5,52.5,52.5,52.5,52.5,52.5,52.5,52.5,52.5,52.5,55,51.9,51.9,51.9,51.9,51.9,51.9,51.9,57.5,57.5,57.5,57.5,57.5,57.5,60,60,63.1,66.3,72.5,72.5,75,75,77.5,77.5,77.5,77.5,82.5,82.5,88.8,88.8,88.8,88.8,88.8,88.8,88.8
Myanmar,53.8,53.8,53.8,53.8,53.8,53.8,53.8,53.8,53.8,53.8,53.8,53.8,53.8,53.8,53.8,53.8,53.8,53.8,53.8,53.8,53.8,53.8,53.8,53.8,53.8,53.8,53.8,53.8,53.8,53.8,53.8,53.8,53.8,53.8,53.8,53.8,53.8,53.8,53.8,53.8,53.8,53.8,53.8,58.8,58.8,58.8,58.8,58.8,58.8,58.8,58.8
Montenegro,58.1,58.1,58.1,58.1,58.1,58.1,58.1,58.1,58.1,58.1,58.1,58.1,58.1,58.1,58.1,58.1,58.1,58.1,58.1,58.1,58.1,61.3,61.3,61.3,61.3,61.3,61.3,61.3,61.3,61.3,61.3,61.3,61.3,64.4,67.5,67.5,67.5,67.5,70.6,70.6,70.6,76.3,78.8,81.9,81.9,81.9,81.9,81.9,81.9,81.9,88.1
Mongolia,61.9,61.9,61.9,61.9,61.9,61.9,61.9,61.9,61.9,61.9,61.9,61.9,61.9,61.9,61.9,61.9,61.9,61.9,61.9,61.9,61.9,67.5,67.5,67.5,67.5,67.5,67.5,67.5,67.5,67.5,67.5,67.5,67.5,67.5,67.5,67.5,67.5,67.5,67.5,70.6,70.6,80,80,80,80,80,80,82.5,82.5,82.5,82.5
Mozambique,33.8,33.8,33.8,33.8,33.8,33.8,33.8,33.8,36.3,36.3,36.3,36.3,36.3,36.3,36.3,36.3,38.8,38.8,38.8,38.8,38.8,38.8,38.8,38.8,38.8,38.8,38.8,38.8,38.8,38.8,38.8,38.8,38.8,38.8,38.8,59.4,59.4,59.4,76.9,76.9,79.4,79.4,79.4,79.4,79.4,79.4,79.4,79.4,82.5,82.5,82.5
Mauritania,39.4,39.4,39.4,39.4,41.9,41.9,41.9,41.9,41.9,41.9,38.8,38.8,38.8,38.8,38.8,38.8,38.8,38.8,38.8,38.8,38.8,38.8,38.8,38.8,38.8,38.8,38.8,38.8,38.8,38.8,38.8,38.8,38.8,38.8,38.8,41.9,41.9,41.9,41.9,41.9,41.9,41.9,41.9,41.9,41.9,48.1,48.1,48.1,48.1,48.1,48.1
Mauritius,46.3,46.3,46.3,46.3,46.3,46.3,46.3,52.5,52.5,52.5,57.5,63.1,63.1,63.1,63.1,63.1,63.1,63.1,63.1,63.1,63.1,63.1,63.1,63.1,63.1,63.1,63.1,63.1,65.6,71.9,71.9,71.9,71.9,71.9,71.9,71.9,71.9,71.9,71.9,86.3,86.3,86.3,86.3,89.4,89.4,89.4,91.9,91.9,91.9,91.9,91.9
Malawi,42.5,42.5,42.5,42.5,42.5,42.5,42.5,42.5,42.5,42.5,42.5,42.5,42.5,42.5,42.5,42.5,42.5,42.5,42.5,42.5,42.5,42.5,42.5,42.5,45,45,45,45,45,45,56.9,56.9,56.9,56.9,56.9,60,60,62.5,62.5,62.5,62.5,62.5,68.8,75,75,77.5,77.5,77.5,77.5,77.5,77.5
Malaysia,41.9,41.9,41.9,41.9,41.9,41.9,41.9,41.9,41.9,41.9,41.9,41.9,41.9,41.9,41.9,44.4,44.4,44.4,44.4,44.4,44.4,44.4,44.4,44.4,44.4,46.9,46.9,46.9,46.9,46.9,46.9,46.9,46.9,46.9,46.9,46.9,46.9,46.9,46.9,46.9,46.9,46.9,50,50,50,50,50,50,50,50,50
Namibia,33.8,33.8,33.8,33.8,33.8,33.8,33.8,33.8,33.8,33.8,33.8,33.8,33.8,33.8,33.8,33.8,33.8,33.8,33.8,33.8,33.8,33.8,45.6,45.6,45.6,48.1,71.3,71.3,71.3,71.3,71.3,71.3,71.3,71.3,73.8,73.8,73.8,73.8,86.3,86.3,86.3,86.3,86.3,86.3,86.3,86.3,86.3,86.3,86.3,86.3,86.3
Niger,38.8,38.8,38.8,41.3,41.3,41.3,41.3,41.3,41.3,41.3,41.3,41.3,41.3,41.3,41.3,41.3,41.3,41.3,41.3,41.3,41.3,41.3,41.3,41.3,41.3,41.3,41.3,50,50,50,50,50,50,50,56.3,56.3,56.3,56.3,56.3,56.3,56.3,56.3,56.3,56.3,56.3,56.3,56.3,56.3,59.4,59.4,59.4
Nigeria,49.4,49.4,54.4,54.4,54.4,54.4,54.4,54.4,54.4,54.4,54.4,54.4,54.4,54.4,54.4,54.4,54.4,54.4,54.4,54.4,54.4,54.4,54.4,54.4,54.4,54.4,54.4,54.4,54.4,54.4,54.4,54.4,54.4,54.4,54.4,54.4,54.4,56.9,56.9,56.9,56.9,56.9,63.1,63.1,63.1,63.1,63.1,63.1,63.1,63.1,63.1
Nicaragua,58.8,58.8,58.8,58.8,58.8,58.8,58.8,58.8,58.8,58.8,58.8,58.8,55.6,55.6,55.6,55.6,55.6,55.6,60.6,60.6,60.6,60.6,60.6,60.6,60.6,60.6,60.6,63.8,63.8,63.8,63.8,63.8,63.8,63.8,63.8,63.8,63.8,63.8,72.5,72.5,72.5,72.5,72.5,72.5,75.6,83.8,86.3,86.3,86.3,86.3,86.3
Netherlands,65.6,65.6,65.6,65.6,65.6,68.8,68.8,68.8,68.8,68.8,71.9,71.9,71.9,71.9,71.9,71.9,75,75,75,78.1,83.1,83.1,83.1,83.1,86.3,86.3,86.3,86.3,86.3,89.4,89.4,89.4,89.4,89.4,89.4,89.4,89.4,92.5,92.5,95,95,95,95,95,95,97.5,97.5,97.5,97.5,97.5,97.5
Norway,63.8,63.8,63.8,63.8,63.8,63.8,63.8,73.8,73.8,80,80,80,80,80,80,80,80,80,80,80,80,80,85.6,88.1,88.1,88.1,88.1,88.1,88.1,88.1,88.1,88.1,88.1,94.4,94.4,94.4,94.4,94.4,94.4,96.9,96.9,96.9,96.9,96.9,96.9,96.9,96.9,96.9,96.9,96.9,96.9
Nepal,41.9,41.9,41.9,41.9,41.9,41.9,41.9,41.9,41.9,41.9,41.9,41.9,41.9,41.9,41.9,41.9,41.9,41.9,41.9,41.9,41.9,41.9,41.9,41.9,41.9,41.9,41.9,41.9,41.9,41.9,41.9,41.9,46.9,46.9,46.9,46.9,46.9,46.9,46.9,49.4,49.4,49.4,49.4,49.4,49.4,55.6,55.6,55.6,71.9,80.6,80.6
New Zealand,60.6,60.6,60.6,60.6,60.6,60.6,60.6,66.3,69.4,69.4,69.4,71.9,75,75,75,75,75,81.3,81.3,81.3,81.3,81.3,81.3,81.3,84.4,84.4,86.9,86.9,86.9,86.9,86.9,86.9,89.4,89.4,89.4,89.4,91.9,91.9,91.9,91.9,91.9,91.9,91.9,91.9,91.9,91.9,94.4,94.4,94.4,94.4,97.5
Oman,26.3,26.3,26.3,26.3,26.3,26.3,26.3,26.3,26.3,26.3,26.3,26.3,26.3,26.3,26.3,26.3,26.3,26.3,26.3,26.3,26.3,26.3,29.4,29.4,29.4,29.4,29.4,29.4,29.4,29.4,29.4,29.4,29.4,35.6,35.6,35.6,35.6,35.6,35.6,35.6,35.6,35.6,35.6,35.6,35.6,35.6,35.6,35.6,35.6,35.6,35.6
Pakistan,38.1,38.1,38.1,38.1,38.1,38.1,44.4,44.4,44.4,44.4,44.4,44.4,44.4,44.4,44.4,41.3,41.3,38.1,38.1,38.1,38.1,38.1,38.1,38.1,38.1,38.1,38.1,38.1,38.1,38.1,38.1,38.1,38.1,38.1,38.1,38.1,38.1,38.1,38.1,38.1,44.4,44.4,44.4,46.9,46.9,46.9,46.9,50,52.5,52.5,55.6
Panama,56.9,56.9,56.9,56.9,56.9,56.9,56.9,56.9,56.9,56.9,56.9,56.9,56.9,56.9,56.9,56.9,56.9,56.9,56.9,56.9,56.9,56.9,56.9,56.9,61.9,65,68.1,68.1,68.1,68.1,68.1,68.1,70.6,70.6,70.6,73.8,73.8,73.8,73.8,73.8,73.8,73.8,73.8,73.8,76.9,76.9,76.9,79.4,79.4,79.4,79.4
Peru,50,50,50,50,50,50,50,50,50,50,50,50,50,50,50,66.3,66.3,66.3,66.3,66.3,66.3,66.3,63.1,63.1,65.6,65.6,68.8,77.5,77.5,80.6,80.6,80.6,80.6,86.9,86.9,86.9,86.9,90,90,90,92.5,92.5,92.5,92.5,92.5,92.5,95,95,95,95,95
Philippines,34.4,34.4,34.4,36.9,39.4,39.4,39.4,39.4,39.4,39.4,39.4,39.4,39.4,39.4,39.4,39.4,39.4,39.4,55,58.1,58.1,58.1,61.3,61.3,61.3,67.5,67.5,70,70,70,70,70,70,70,72.5,72.5,72.5,72.5,72.5,72.5,72.5,72.5,78.8,78.8,78.8,78.8,78.8,78.8,78.8,78.8,78.8
Palau,56.3,56.3,56.3,56.3,56.3,56.3,56.3,56.3,56.3,56.3,56.3,56.3,56.3,56.3,56.3,56.3,56.3,56.3,56.3,56.3,56.3,56.3,56.3,56.3,56.3,56.3,56.3,56.3,56.3,56.3,56.3,56.3,56.3,56.3,56.3,56.3,56.3,56.3,56.3,56.3,56.3,56.3,56.3,58.8,58.8,58.8,58.8,58.8,58.8,58.8,58.8
Papua New Guinea,48.1,48.1,48.1,48.1,48.1,48.1,48.1,48.1,48.1,51.3,51.3,57.5,57.5,57.5,57.5,57.5,57.5,57.5,57.5,57.5,57.5,57.5,57.5,57.5,57.5,57.5,57.5,57.5,57.5,57.5,57.5,57.5,57.5,57.5,57.5,57.5,57.5,57.5,57.5,57.5,57.5,57.5,57.5,57.5,60,60,60,60,60,60,60
Poland,62.5,62.5,62.5,65,65,64.4,64.4,64.4,64.4,64.4,64.4,64.4,64.4,61.3,61.3,61.3,61.3,61.3,61.3,61.3,61.3,61.3,61.3,61.3,61.3,61.3,61.3,61.3,63.8,66.9,66.9,66.9,66.9,66.9,66.9,66.9,66.9,66.9,70,76.3,78.8,85,85,84.4,84.4,84.4,84.4,93.8,93.8,93.8,93.8
Puerto Rico,58.8,58.8,58.8,58.8,58.8,61.9,61.9,72.5,72.5,72.5,72.5,72.5,72.5,72.5,72.5,72.5,72.5,72.5,78.8,78.8,81.3,81.3,81.3,81.3,81.3,81.3,81.3,81.3,81.3,81.3,81.3,81.3,81.3,81.3,81.3,81.3,81.3,81.3,81.3,81.3,81.3,81.3,81.3,81.3,81.3,81.3,81.3,81.3,81.3,81.3,83.8
Portugal,39.4,39.4,39.4,39.4,39.4,39.4,39.4,39.4,62.5,62.5,65.6,65.6,65.6,65.6,65.6,65.6,65.6,65.6,65.6,68.8,68.8,68.8,68.8,68.8,71.9,74.4,76.9,76.9,76.9,76.9,79.4,79.4,79.4,79.4,88.8,91.9,91.9,91.9,95,97.5,97.5,97.5,97.5,97.5,97.5,97.5,97.5,97.5,97.5,97.5,100
Paraguay,45,45,45,45,45,48.1,48.1,48.1,48.1,48.1,48.1,48.1,48.1,48.1,48.1,48.1,51.3,51.3,51.3,51.3,51.3,51.3,51.3,70.6,80,80,80,80,86.3,89.4,89.4,91.9,91.9,91.9,91.9,91.9,91.9,91.9,91.9,91.9,91.9,91.9,91.9,91.9,91.9,91.9,94.4,94.4,94.4,94.4,94.4
Palestine,23.1,23.1,23.1,23.1,23.1,23.1,23.1,23.1,23.1,23.1,23.1,23.1,23.1,23.1,23.1,23.1,23.1,23.1,23.1,23.1,23.1,23.1,23.1,23.1,23.1,23.1,23.1,23.1,23.1,23.1,26.3,26.3,26.3,26.3,26.3,26.3,26.3,26.3,26.3,26.3,26.3,26.3,26.3,26.3,26.3,26.3,38.1,38.1,38.1,26.3,26.3
Qatar,29.4,29.4,29.4,29.4,29.4,29.4,29.4,29.4,29.4,29.4,29.4,29.4,29.4,29.4,29.4,29.4,29.4,29.4,29.4,29.4,29.4,29.4,29.4,29.4,29.4,29.4,29.4,29.4,29.4,29.4,29.4,29.4,29.4,29.4,29.4,26.3,26.3,29.4,29.4,29.4,29.4,29.4,29.4,29.4,29.4,29.4,29.4,29.4,29.4,29.4,29.4
Romania,65,65,68.1,65,65,65,65,65,65,65,65,65,65,65,65,65,65,65,65,65,65,65,65,65,65,65,65,65,65,65,70,70,79.4,87.5,87.5,87.5,87.5,90.6,90.6,90.6,90.6,90.6,90.6,90.6,90.6,90.6,90.6,90.6,90.6,90.6,90.6
Russia,55.6,52.5,58.1,58.1,58.1,58.1,58.1,58.1,58.1,58.1,58.1,58.1,58.1,58.1,58.1,58.1,58.1,58.1,58.1,58.1,58.1,61.3,64.4,64.4,64.4,64.4,66.9,66.9,66.9,70,70,70,73.1,73.1,73.1,73.1,73.1,73.1,73.1,73.1,73.1,73.1,73.1,73.1,73.1,73.1,73.1,73.1,73.1,73.1,73.1
Rwanda,41.3,41.3,41.3,41.3,41.3,41.3,41.3,41.3,41.3,41.3,44.4,44.4,44.4,44.4,44.4,44.4,44.4,44.4,44.4,44.4,44.4,44.4,44.4,44.4,44.4,44.4,44.4,44.4,44.4,44.4,51.9,51.9,61.3,63.8,63.8,63.8,63.8,63.8,63.8,72.5,72.5,72.5,72.5,72.5,72.5,72.5,72.5,78.1,78.1,78.1,80.6
Saudi Arabia,23.8,23.8,23.8,23.8,23.8,23.8,23.8,23.8,23.8,23.8,23.8,23.8,23.8,23.8,23.8,23.8,23.8,23.8,23.8,23.8,23.8,23.8,23.8,23.8,23.8,23.8,23.8,23.8,23.8,23.8,23.8,23.8,23.8,23.8,23.8,23.8,26.3,26.3,26.3,26.3,26.3,29.4,29.4,29.4,31.9,31.9,31.9,31.9,38.1,70.6,80
Sudan,17.5,17.5,17.5,17.5,17.5,17.5,17.5,17.5,17.5,17.5,17.5,17.5,17.5,17.5,17.5,17.5,17.5,17.5,17.5,17.5,23.8,23.8,23.8,23.8,23.8,23.8,23.8,26.3,26.3,26.3,26.3,26.3,26.3,26.3,26.3,26.3,26.3,26.3,29.4,29.4,29.4,29.4,29.4,29.4,29.4,29.4,29.4,29.4,29.4,29.4,29.4
Senegal,35,35,35,38.1,38.1,38.1,38.1,38.1,44.4,44.4,44.4,49.4,49.4,51.9,51.9,51.9,51.9,51.9,51.9,51.9,55,55,55,55,55,55,55,55,55,63.8,63.8,63.8,63.8,63.8,63.8,63.8,63.8,63.8,63.8,63.8,63.8,63.8,63.8,63.8,63.8,63.8,63.8,63.8,63.8,63.8,66.9
Singapore,57.5,57.5,57.5,57.5,57.5,57.5,57.5,57.5,57.5,57.5,57.5,57.5,57.5,57.5,57.5,57.5,60,62.5,62.5,65.6,65.6,65.6,65.6,65.6,65.6,65.6,68.8,68.8,68.8,68.8,68.8,68.8,68.8,68.8,68.8,68.8,68.8,68.8,68.8,71.3,71.3,71.3,71.3,71.3,76.3,82.5,82.5,82.5,82.5,82.5,82.5
Solomon Islands,48.1,48.1,48.1,54.4,54.4,54.4,54.4,54.4,54.4,54.4,54.4,54.4,54.4,54.4,54.4,54.4,54.4,54.4,54.4,54.4,54.4,54.4,54.4,54.4,54.4,54.4,54.4,54.4,54.4,54.4,54.4,54.4,54.4,54.4,54.4,54.4,54.4,54.4,54.4,54.4,54.4,54.4,54.4,54.4,54.4,56.9,56.9,56.9,56.9,56.9,56.9
Sierra Leone,31.9,31.9,31.9,31.9,31.9,31.9,31.9,31.9,31.9,31.9,31.9,31.9,31.9,31.9,31.9,31.9,31.9,31.9,31.9,31.9,31.9,31.9,31.9,31.9,31.9,31.9,31.9,31.9,31.9,31.9,31.9,31.9,38.1,38.1,38.1,38.1,38.1,38.1,45.6,63.1,63.1,63.1,63.1,63.1,63.1,63.1,63.1,63.1,63.1,63.1,69.4
El Salvador,52.5,52.5,52.5,52.5,52.5,52.5,52.5,52.5,52.5,52.5,52.5,52.5,52.5,52.5,52.5,52.5,52.5,52.5,52.5,52.5,52.5,52.5,52.5,52.5,66.3,66.3,66.3,71.9,78.1,78.1,78.1,78.1,78.1,78.1,78.1,78.1,81.3,81.3,83.8,83.8,83.8,83.8,83.8,86.3,86.3,86.3,88.8,88.8,88.8,88.8,88.8
San Marino,57.5,57.5,57.5,57.5,57.5,57.5,57.5,57.5,57.5,57.5,57.5,60.6,60.6,60.6,60.6,60.6,77.5,77.5,77.5,77.5,77.5,77.5,77.5,77.5,77.5,77.5,77.5,77.5,77.5,77.5,77.5,77.5,77.5,77.5,77.5,77.5,77.5,77.5,80,80,80,80,80,80,80,80,80,80,80,80,80
Somalia,32.5,32.5,32.5,46.9,46.9,46.9,46.9,46.9,46.9,46.9,46.9,46.9,46.9,46.9,46.9,46.9,46.9,46.9,46.9,46.9,46.9,46.9,46.9,46.9,46.9,46.9,46.9,46.9,46.9,46.9,46.9,46.9,46.9,46.9,46.9,46.9,46.9,46.9,46.9,46.9,46.9,46.9,46.9,46.9,46.9,46.9,46.9,46.9,46.9,46.9,46.9
Serbia,67.5,67.5,67.5,67.5,67.5,67.5,67.5,67.5,67.5,67.5,67.5,67.5,67.5,67.5,67.5,67.5,67.5,67.5,67.5,67.5,67.5,67.5,67.5,67.5,67.5,67.5,67.5,70.6,70.6,70.6,70.6,70.6,78.8,81.9,81.9,88.1,90.6,90.6,90.6,93.8,96.9,96.9,96.9,96.9,96.9,93.8,93.8,93.8,93.8,93.8,93.8
South Sudan,37.5,37.5,37.5,37.5,37.5,37.5,37.5,37.5,37.5,37.5,37.5,37.5,37.5,37.5,37.5,37.5,37.5,37.5,37.5,37.5,43.8,43.8,43.8,43.8,43.8,43.8,43.8,46.3,46.3,46.3,46.3,46.3,46.3,46.3,46.3,46.3,46.3,46.3,49.4,58.1,58.1,58.1,61.3,51.9,51.9,51.9,51.9,51.9,70,70,70
Sao Tome and Principe,18.8,18.8,18.8,18.8,18.8,18.8,21.9,21.9,45,47.5,50.6,50.6,50.6,50.6,50.6,50.6,50.6,50.6,50.6,50.6,50.6,50.6,53.8,53.8,53.8,53.8,53.8,53.8,53.8,53.8,53.8,53.8,53.8,53.8,53.8,53.8,53.8,53.8,53.8,56.3,56.3,56.3,56.3,62.5,62.5,71.9,71.9,71.9,71.9,86.3,86.3
Suriname,31.3,31.3,31.3,31.3,31.3,31.3,31.3,31.3,31.3,31.3,31.3,60.6,60.6,60.6,63.8,63.8,63.8,63.8,63.8,63.8,63.8,63.8,63.8,63.8,63.8,63.8,63.8,63.8,63.8,63.8,63.8,63.8,63.8,63.8,63.8,63.8,63.8,63.8,63.8,66.3,66.3,66.3,66.3,66.3,66.3,63.1,63.1,63.1,63.1,68.8,73.8
Slovak Republic,58.8,58.8,58.8,58.8,58.8,58.8,58.8,58.8,58.8,58.8,58.8,58.8,58.8,58.8,58.8,58.8,58.8,58.8,58.8,58.8,61.3,61.3,61.3,63.8,63.8,63.8,63.8,63.8,63.8,63.8,63.8,63.8,63.8,63.8,76.3,76.3,78.8,78.8,81.9,81.9,91.3,94.4,94.4,94.4,94.4,94.4,94.4,94.4,94.4,94.4,85
Slovenia,64.4,64.4,64.4,64.4,64.4,64.4,64.4,64.4,64.4,64.4,64.4,64.4,64.4,64.4,64.4,64.4,64.4,64.4,64.4,64.4,64.4,64.4,64.4,64.4,64.4,64.4,64.4,64.4,64.4,64.4,64.4,64.4,82.5,82.5,85,88.1,88.1,88.1,90.6,90.6,90.6,90.6,90.6,90.6,90.6,90.6,90.6,90.6,93.8,93.8,96.9
Sweden,71.3,71.3,71.3,73.8,73.8,73.8,73.8,73.8,73.8,73.8,79.4,79.4,79.4,79.4,79.4,79.4,79.4,79.4,79.4,81.9,81.9,87.5,87.5,87.5,87.5,87.5,87.5,87.5,87.5,90.6,90.6,90.6,90.6,90.6,90.6,90.6,96.9,96.9,96.9,96.9,96.9,96.9,96.9,100,100,100,100,100,100,100,100
Eswatini,26.9,26.9,26.9,26.9,33.1,33.1,33.1,33.1,33.1,33.1,33.1,38.8,38.8,38.8,38.8,38.8,38.8,38.8,38.8,38.8,38.8,38.8,38.8,38.8,38.8,38.8,38.8,38.8,38.8,38.8,38.8,38.8,38.8,38.8,38.8,38.8,38.8,38.8,38.8,38.8,38.8,38.8,43.8,43.8,43.8,43.8,43.8,43.8,43.8,46.3,46.3
Seychelles,51.3,60,60,60,60,60,63.1,63.1,63.1,63.1,63.1,63.1,63.1,63.1,63.1,63.1,63.1,63.1,63.1,63.1,63.1,63.1,63.1,63.1,65.6,71.3,71.3,71.3,71.3,71.3,73.8,73.8,73.8,73.8,73.8,73.8,73.8,73.8,73.8,73.8,73.8,73.8,73.8,73.8,73.8,73.8,76.3,76.3,76.3,76.3,76.3
Syria,29.4,29.4,29.4,29.4,29.4,29.4,29.4,29.4,29.4,29.4,29.4,29.4,29.4,29.4,29.4,29.4,29.4,29.4,29.4,29.4,29.4,29.4,29.4,29.4,29.4,29.4,29.4,29.4,29.4,29.4,29.4,29.4,28.8,28.8,28.8,28.8,28.8,31.3,31.3,31.3,36.9,36.9,36.9,36.9,36.9,36.9,36.9,36.9,36.9,36.9,36.9
Chad,39.4,39.4,39.4,39.4,39.4,39.4,39.4,39.4,48.8,48.8,48.8,48.8,48.8,48.8,48.8,48.8,48.8,48.8,48.8,48.8,48.8,48.8,48.8,48.8,48.8,48.8,48.8,57.5,57.5,57.5,57.5,57.5,57.5,57.5,57.5,57.5,57.5,57.5,57.5,57.5,57.5,57.5,57.5,57.5,57.5,57.5,57.5,66.3,66.3,66.3,66.3
Togo,25.6,25.6,25.6,31.9,31.9,31.9,31.9,31.9,31.9,31.9,51.3,51.3,51.3,51.3,51.3,51.3,51.3,51.3,51.3,51.3,51.3,51.3,51.3,51.3,51.3,51.3,51.3,51.3,51.3,51.3,51.3,51.3,51.3,51.3,51.3,51.3,51.3,69.4,69.4,69.4,69.4,75.6,75.6,81.9,81.9,84.4,84.4,84.4,84.4,84.4,84.4
Thailand,51.9,51.9,51.9,51.9,51.9,51.9,51.9,51.9,51.9,51.9,51.9,51.9,51.9,51.9,51.9,51.9,51.9,51.9,51.9,51.9,51.9,51.9,51.9,51.9,51.9,51.9,51.9,51.9,57.5,63.8,63.8,63.8,63.8,63.8,63.8,63.8,63.8,63.8,75,75,75,75,75,75,75,75,75,75,75,78.1,78.1
Tajikistan,55.6,52.5,55,55,55,55,55,55,55,55,55,55,55,55,55,55,55,55,55,55,55,55,55,55,58.1,58.1,58.1,70,70,70,70,70,70,70,70,73.1,73.1,73.1,73.1,73.1,73.1,73.1,73.1,75.6,75.6,75.6,75.6,78.8,78.8,78.8,78.8
Timor-Leste,31.9,31.9,31.9,31.9,31.9,31.9,31.9,38.1,38.1,38.1,38.1,38.1,38.1,38.1,38.1,38.1,38.1,38.1,38.1,38.1,38.1,38.1,38.1,38.1,38.1,38.1,38.1,38.1,40.6,40.6,40.6,40.6,50,50,53.1,53.1,53.1,53.1,53.1,53.1,53.1,55.6,77.5,77.5,77.5,77.5,77.5,80,83.1,83.1,83.1
Tonga,50,50,50,50,50,50,50,50,50,50,50,50,50,50,50,50,50,50,50,50,50,50,50,50,50,50,50,50,50,50,50,50,50,50,50,50,50,50,50,50,50,56.3,56.3,56.3,58.8,58.8,58.8,58.8,58.8,58.8,58.8
Trinidad and Tobago,43.1,43.1,52.5,52.5,55,55,55,55,55,55,55,55,57.5,60.6,60.6,60.6,60.6,60.6,60.6,60.6,60.6,60.6,63.1,63.1,63.1,63.1,63.1,63.1,63.1,63.1,63.1,69.4,69.4,69.4,72.5,72.5,72.5,72.5,72.5,72.5,72.5,72.5,72.5,75,75,75,75,75,75,75,75
Tunisia,46.3,46.3,46.3,46.3,55.6,55.6,55.6,55.6,55.6,55.6,55.6,55.6,55.6,55.6,55.6,55.6,55.6,55.6,55.6,55.6,55.6,55.6,55.6,55.6,58.8,58.8,58.8,58.8,58.8,58.8,58.8,58.8,58.8,58.8,58.8,58.8,58.8,58.8,58.8,58.8,58.8,58.8,58.8,58.8,58.8,58.8,58.8,58.8,67.5,67.5,67.5
Turkey,45.6,45.6,45.6,45.6,45.6,45.6,45.6,45.6,45.6,45.6,45.6,45.6,45.6,45.6,45.6,45.6,45.6,45.6,45.6,45.6,45.6,48.8,48.8,48.8,48.8,48.8,48.8,48.8,48.8,48.8,48.8,48.8,56.9,65.6,68.1,74.4,76.9,76.9,80,80,80,80,80,80,80,82.5,82.5,82.5,82.5,82.5,82.5
Tanzania,58.8,61.3,61.3,61.3,61.3,61.3,61.3,61.3,61.3,61.3,61.3,61.3,61.3,61.3,61.3,61.3,61.3,61.3,61.3,61.3,61.3,61.3,61.3,61.3,61.3,61.3,61.3,61.3,67.5,67.5,67.5,67.5,67.5,67.5,70,81.3,81.3,81.3,81.3,81.3,81.3,81.3,81.3,81.3,81.3,81.3,81.3,81.3,81.3,81.3,81.3
Uganda,46.9,46.9,46.9,46.9,46.9,46.9,46.9,46.9,46.9,46.9,46.9,46.9,46.9,46.9,46.9,46.9,46.9,46.9,46.9,46.9,46.9,46.9,46.9,46.9,46.9,46.9,46.9,46.9,46.9,46.9,46.9,46.9,46.9,46.9,46.9,46.9,65,67.5,67.5,67.5,70,70,70,70,70,70,70,70,70,73.1,73.1
Ukraine,55.6,52.5,55,55,55,55,55,55,55,55,55,55,55,55,55,55,55,55,55,55,55,58.1,61.3,61.3,63.8,66.9,66.9,66.9,66.9,66.9,66.9,66.9,66.9,66.9,66.9,66.9,73.1,73.1,73.1,75.6,75.6,75.6,75.6,78.8,76.3,76.3,76.3,76.3,79.4,79.4,79.4
Uruguay,60,60,60,60,60,60,60,60,60,60,60,62.5,62.5,62.5,62.5,62.5,62.5,62.5,62.5,62.5,65.6,65.6,65.6,65.6,65.6,65.6,68.1,68.1,68.1,68.1,68.1,68.1,68.1,71.3,71.3,71.3,71.3,71.3,71.3,76.9,83.1,83.1,83.1,83.1,85.6,85.6,85.6,85.6,88.8,88.8,88.8
United States,66.9,66.9,66.9,66.9,66.9,70,70,70,70,72.5,72.5,81.3,81.3,81.3,81.3,81.3,81.3,81.3,81.3,81.3,81.3,81.3,81.3,81.3,83.8,83.8,83.8,83.8,83.8,83.8,83.8,83.8,83.8,83.8,83.8,83.8,83.8,83.8,83.8,83.8,83.8,83.8,83.8,83.8,83.8,83.8,83.8,83.8,91.3,91.3,91.3
Uzbekistan,53.1,50,52.5,52.5,52.5,52.5,52.5,52.5,52.5,52.5,52.5,52.5,52.5,52.5,52.5,52.5,52.5,52.5,52.5,52.5,52.5,52.5,52.5,52.5,55.6,55.6,67.5,67.5,67.5,67.5,67.5,67.5,67.5,67.5,67.5,67.5,67.5,67.5,67.5,67.5,67.5,64.4,64.4,64.4,64.4,64.4,64.4,64.4,64.4,67.5,70.6
St. Vincent and the Grenadines,55,55,55,57.5,57.5,57.5,57.5,57.5,57.5,57.5,57.5,57.5,57.5,57.5,57.5,57.5,57.5,57.5,57.5,57.5,60,60,60,60,60,63.1,65.6,65.6,65.6,65.6,65.6,65.6,65.6,65.6,68.1,68.1,68.1,68.1,68.1,68.1,68.1,68.1,68.1,68.1,68.1,68.1,68.1,68.1,68.1,68.1,68.1
Venezuela,54.4,54.4,54.4,54.4,54.4,54.4,54.4,54.4,54.4,54.4,54.4,54.4,54.4,60,60,60,60,60,60,60,60,65.6,65.6,65.6,65.6,65.6,65.6,65.6,68.1,68.1,68.1,68.1,68.1,68.1,68.1,68.1,71.3,80,82.5,82.5,82.5,82.5,82.5,82.5,82.5,85,85,85,85,85,85
Vietnam,53.8,53.8,53.8,53.8,53.8,53.8,53.8,53.8,53.8,53.8,53.8,53.8,53.8,53.8,53.8,53.8,53.8,53.8,53.8,53.8,53.8,53.8,53.8,53.8,56.9,64.4,64.4,64.4,64.4,64.4,64.4,64.4,64.4,64.4,64.4,64.4,64.4,67.5,70,70,70,70,70,76.3,76.3,76.3,78.8,78.8,78.8,78.8,81.9
Vanuatu,43.8,43.8,43.8,46.3,46.3,46.3,46.3,46.3,46.3,46.3,46.3,46.3,49.4,49.4,49.4,49.4,49.4,49.4,55.6,55.6,55.6,55.6,55.6,55.6,55.6,55.6,55.6,55.6,55.6,55.6,55.6,55.6,55.6,55.6,55.6,55.6,55.6,55.6,55.6,58.1,58.1,58.1,58.1,58.1,58.1,58.1,58.1,58.1,58.1,58.1,58.1
Samoa,48.1,48.1,54.4,54.4,54.4,54.4,54.4,54.4,54.4,54.4,54.4,54.4,54.4,54.4,54.4,54.4,54.4,54.4,54.4,54.4,54.4,54.4,54.4,54.4,54.4,54.4,54.4,54.4,54.4,54.4,54.4,54.4,54.4,54.4,54.4,54.4,54.4,54.4,54.4,54.4,56.9,56.9,56.9,80,80,80,80,80,80,80,80
Yemen,23.8,23.8,23.8,23.8,23.8,23.8,23.8,23.8,23.8,23.8,23.8,23.8,23.8,23.8,23.8,23.8,23.8,23.8,23.8,23.8,23.8,23.8,23.8,23.8,23.8,23.8,23.8,23.8,23.8,23.8,23.8,23.8,23.8,23.8,23.8,23.8,23.8,23.8,26.9,26.9,26.9,26.9,26.9,26.9,26.9,26.9,26.9,26.9,26.9,26.9,26.9
South Africa,25.6,25.6,25.6,25.6,25.6,25.6,25.6,25.6,25.6,25.6,25.6,25.6,25.6,28.8,28.8,33.8,33.8,38.8,38.8,38.8,38.8,38.8,41.9,41.9,59.4,59.4,65,65,67.5,70.6,76.3,76.3,78.8,78.8,78.8,78.8,78.8,78.8,78.8,78.8,78.8,78.8,81.9,81.9,88.1,88.1,88.1,88.1,88.1,88.1,88.1
Zambia,46.9,46.9,46.9,46.9,46.9,46.9,46.9,46.9,46.9,46.9,46.9,46.9,46.9,49.4,49.4,49.4,49.4,49.4,49.4,54.4,54.4,57.5,57.5,60.6,60.6,60.6,60.6,60.6,60.6,60.6,60.6,60.6,60.6,60.6,60.6,60.6,60.6,60.6,60.6,60.6,60.6,60.6,63.1,63.1,63.1,63.1,78.8,78.8,78.8,81.3,81.3
Zimbabwe,36.9,36.9,36.9,36.9,36.9,36.9,36.9,36.9,36.9,52.5,52.5,52.5,52.5,52.5,52.5,52.5,52.5,52.5,55,55,55,55,57.5,57.5,66.9,66.9,66.9,66.9,66.9,70,70,70,75.6,78.8,78.8,78.8,84.4,86.9,86.9,86.9,86.9,86.9,86.9,86.9,86.9,86.9,86.9,86.9,86.9,86.9,86.9
